CODE,NAME
AMS@ADR,국제시장
AMS@BKX,필라델피아 은행
AMS@BTK,아멕스 생명공학
AMS@CKG,S&P SC 600 B G
AMS@CRX,모건스탠리 상품관련주
AMS@CVK,S&P SC 600 B V
AMS@CYC,모건스탠리 경기순환업종
AMS@CZH,아멕스 중국
AMS@DDX,아멕스 디스크드라이브
AMS@DFI,아멕스 방위산업
AMS@DFX,필라델피아 방위섹터
AMS@DGE,아멕스 제약 EW
AMS@DRG,아멕스 제약
AMS@HKO,아멕스 홍콩옵션
AMS@HUI,아멕스 금광업체
AMS@HWI,아멕스 컴퓨터하드웨어
AMS@IIB,아멕스 반도체 산업
AMS@IXR,아멕스 소비재
AMS@MID,S&P 중소형 400
AMS@MOX,모건스탠리 인터넷
AMS@MSCIBM,아멕스 MSCI 미국 브로드마켓
AMS@MSCICD,MSCI 미국 투자시장
AMS@MSCICS,MSCI 미국 투자시장 소비자
AMS@MSCIEN,MSCI 미국 투자시장 에너지
AMS@MSCIFN,MSCI 미국 투자시장 금융
AMS@MSCIHC,MSCI 미국 투자시장 헬스
AMS@MSCIIN,MSCI 미국 투자시장 산업
AMS@MSCIIT,MSCI 미국 투자시장 IT
AMS@MSCIMC,MSCI 미국 중형주450
AMS@MSCIMT,MSCI 미국 투자시장
AMS@MSCIPG,MSCI 미국 기초시장 Growth
AMS@MSCIPM,MSCI 미국 기초시장 750
AMS@MSCIPV,MSCI 미국 기초시장 Value
AMS@MSCISC,MSCI 미국 소형주1750
AMS@MSCISG,MSCI 미국 소형주 Growth
AMS@MSCISV,MSCI 미국 소형주 Value
AMS@MSCITC,MSCI 미국 투자시장 텔레콤
AMS@MSCIUT,MSCI 미국 투자시장 유틸리티
AMS@MSH,모건스탠리 첨단기술 35
AMS@MXY,아멕스 멕시코
AMS@NWX,아멕스 네트워킹
AMS@OSX,필라델피아 유가서비스
AMS@PHN,아멕스 통신
AMS@RPE,아멕스 하부구조
AMS@RTH,반에크 벡터스 리테일 ETF
AMS@RXS,필라델피아 제약
AMS@SIS,아멕스 반도체
AMS@SMH,밴에크 벡터스 세미컨덕터
AMS@SPSUPX,S&P 종합 1500
AMS@SPXEW,S&P500 E W
AMS@TOB,아멕스 담배
AMS@UTY,필라델피아 유틸리티
AMS@XAL,아멕스 항공
AMS@XAX,아멕스 종합
AMS@XBD,아멕스 증권 브로커/딜러
AMS@XCI,아멕스 컴퓨터기술
AMS@XEX,유럽 부분
AMS@XFI,아멕스 금융
AMS@XHL,아멕스 건강의약 하부
AMS@XID,아멕스 산업
AMS@XII,아멕스 기관투자자
AMS@XIT,아멕스 정보통신기술
AMS@XMI,아멕스 주요시장
AMS@XNA,아멕스 천연자원
AMS@XNG,아멕스천연가스
AMS@XOI,아멕스원유
AMS@XTC,북미통신
AMZIX,Alerian MLP Infrastructure Index TR
DJC2ISIT,Dow Jones Commodity Index 2x Inverse Sil
DJC2LSIT,Dow Jones Commodity Index 2x Leverage Si
DJCIBRT,DJCI Brent Crude TR
DJCIHGT,DJCI North American Copper TR
DJCIIBRT,DJCI Inverse Brent Crude TR
DJCIIGCT,DJCI Inverse Gold TR
DJCIIHGT,DJCI Inverse North American Copper TR
DJCIISIT,DJCI Inverse Silver TR
DJCIT,DJCI TR
DJDVP,Dow Jones 미국배당지수
DJI,DowJones Industrial Average Index
DJI@AUDOWD,다우 호주 USD
DJI@BKADR,BONY ADR
DJI@BKADRT,BONY ADR-TR
DJI@BKAR,BONY 아르헨티나 ADR
DJI@BKART,BONY 아르헨티나 ADR TR
DJI@BKAS,BONY 아시아 ADR
DJI@BKAST,BONY 아시아 ADR TR
DJI@BKAU,BONY 호주 ADR
DJI@BKAUT,BONY 호주 ADR TR
DJI@BKBE,BONY 벨기에 ADR
DJI@BKBET,BONY 벨기에 ADR TR
DJI@BKBR,BONY 브라질 ADR
DJI@BKBRIC,BONY BRIC Select ADR
DJI@BKBRICT,BONY BRIC Select ADR TR
DJI@BKBRT,BONY 브라질 ADR TR
DJI@BKCH,BONY 스위스 ADR
DJI@BKCHT,BONY 스위스 ADR TR
DJI@BKCL,BONY 칠레 ADR
DJI@BKCLT,BONY 칠레 ADR TR
DJI@BKCN,BONY 중국 ADR
DJI@BKCNT,BONY 중국 ADR TR
DJI@BKCO,BONY 콜롬비아 ADR
DJI@BKCOT,BONY 콜롬비아 ADR TR
DJI@BKDE,BONY 독일 ADR
DJI@BKDET,BONY 독일 ADR TR
DJI@BKDK,BONY 덴마크 ADR
DJI@BKDKT,BONY 덴마크 ADR TR
DJI@BKDM,BONY 선진시장 ADR
DJI@BKDMT,BONY 선진시장 ADR TR
DJI@BKEM,BONY 신흥시장 ADR
DJI@BKEMT,BONY 신흥시장 ADR TR
DJI@BKEOG,BONY 유럽 에너지 ADR
DJI@BKEOGT,BONY 유럽 에너지 ADR TR
DJI@BKES,BONY 스페인 ADR
DJI@BKEST,BONY 스페인 ADR TR
DJI@BKETL,BONY 유럽 통신 ADR
DJI@BKETLT,BONY 유럽 통신 ADR TR
DJI@BKEUL,BONY EURO ADR
DJI@BKEULT,BONY EURO ADR TR
DJI@BKEUR,BONY 유럽 ADR
DJI@BKEURT,BONY 유럽 ADR TR
DJI@BKFI,BONY 핀란드 ADR
DJI@BKFIT,BONY 핀란드 ADR TR
DJI@BKFR,BONY 프랑스 ADR
DJI@BKFRT,BONY 프랑스 ADR TR
DJI@BKGB,BONY 영국 ADR
DJI@BKGBT,BONY 영국 ADR TR
DJI@BKGR,BONY 그리스 ADR
DJI@BKGRT,BONY 그리스 ADR TR
DJI@BKID,BONY 인도네시아 ADR
DJI@BKIDT,BONY 인도네시아 ADR TR
DJI@BKIE,BONY 아일랜드 ADR
DJI@BKIET,BONY 아일랜드 ADR TR
DJI@BKIL,BONY 이스라엘 ADR
DJI@BKILT,BONY 이스라엘 ADR TR
DJI@BKIN,BONY 인도 ADR
DJI@BKINT,BONY 인도 ADR TR
DJI@BKIY,BONY 이탈리아 ADR
DJI@BKIYT,BONY 이탈리아 ADR TR
DJI@BKJP,BONY 일본 ADR
DJI@BKJPT,BONY 일본 ADR TR
DJI@BKKR,BONY 한국 ADR
DJI@BKKRT,BONY 한국 ADR TR
DJI@BKLA,BONY 중남미 ADR
DJI@BKLAT,BONY 중남미 ADR TR
DJI@BKLTL,BONY 라틴 통신 ADR
DJI@BKLTLT,BONY 라틴 통신 ADR TR
DJI@BKMX,BONY 멕시코 ADR
DJI@BKMXT,BONY 멕시코 ADR TR
DJI@BKNL,BONY 네델란드 ADR
DJI@BKNLT,BONY 네델란드 ADR TR
DJI@BKNO,BONY 노르웨이 ADR
DJI@BKNOT,BONY 노르웨이 ADR TR
DJI@BKPE,BONY 페루 ADR
DJI@BKPET,BONY 페루 ADR TR
DJI@BKPH,BONY 필리핀 ADR
DJI@BKPHT,BONY 필리핀 ADR TR
DJI@BKPT,BONY 포르투갈 ADR
DJI@BKPTT,BONY 포르투갈 ADR TR
DJI@BKRU,BONY 러시아 ADR
DJI@BKRUT,BONY 러시아 ADR TR
DJI@BKSN,BONY 스웨덴 ADR
DJI@BKSNT,BONY 스웨덴 ADR TR
DJI@BKTADR,BONY 국제100 ADR
DJI@BKTADRT,BONY 국제100 ADR TR
DJI@BKTAS,BONY 아시아50 ADR
DJI@BKTAST,BONY 아시아50 ADR TR
DJI@BKTDM,BONY 선진시장100 ADR
DJI@BKTDMT,BONY 선진시장100 ADR TR
DJI@BKTEM,BONY 신흥시장50 ADR
DJI@BKTEMT,BONY 신흥시장50 ADR TR
DJI@BKTEUR,BONY 유럽100 ADR
DJI@BKTEURT,BONY 유럽100 ADR TR
DJI@BKTLA,BONY 중남미35 ADR
DJI@BKTLAT,BONY 중남미35 ADR TR
DJI@BKTR,BONY 터키 ADR
DJI@BKTRT,BONY 터키 ADR TR
DJI@BKTTL,BONY 국제 통신35 ADR
DJI@BKTTLT,BONY 국제 통신35 ADR TR
DJI@BKTW,BONY 대만 ADR
DJI@BKTWT,BONY 대만 ADR TR
DJI@BKZA,BONY 남아공 ADR
DJI@BKZAT,BONY 남아공 ADR TR
DJI@BR20,다우 브라질 타이탄 20 ADR
DJI@CH30,다우 스위스 타이탄 30
DJI@CH30D,다우 스위스 타이탄 30 USD
DJI@CH30TR,다우 스위스 타이탄 30 TR
DJI@CIBRT,DJCI Brent Crude TR
DJI@DE30,다우 독일 타이탄 30
DJI@DE30D,다우 독일 타이탄 30 USD
DJI@DE30TR,다우 독일 타이탄 30 TR
DJI@DJAU,다우 호주
DJI@DJAULPT,다우 호주 LPT
DJI@DJC,다우 종합
DJI@DJC2ICLT,Dow Jones Commodity Index 2X Inverse Cru
DJI@DJC2IGCT,Dow Jones Commodity Index 2X Inverse Gol
DJI@DJC2IHGT,DJCI 2X Inverse North American Copper TR
DJI@DJC2ISIT,Dow Jones Commodity Index 2x Inverse Sil
DJI@DJC2LCLT,DJCI 2X leverage Crude Oil TR
DJI@DJC2LGCT,Dow Jones Commodity Index 2X Leverage Go
DJI@DJC2LHGT,DJCI 2X Leveraged North American Copper
DJI@DJC2LSIT,Dow Jones Commodity Index 2x Leverage Si
DJI@DJCCN1IT,DJCI Corn 1x Inverse Daily TR
DJI@DJCICLT,DJCI Crude Oil TR
DJI@DJCICNT,DJCI Corn TR
DJI@DJCIHGT,DJCI North American Copper TR
DJI@DJCIIBRT,DJCI Inverse Brent Crude TR
DJI@DJCIIGCT,DJCI Inverse Gold TR
DJI@DJCIIHGT,DJCI Inverse North American Copper TR
DJI@DJCIISIT,DJCI Inverse Silver TR
DJI@DJCINGT,DJ Commodity Index Natural Gas TR
DJI@DJCISOT,DJ Commodity Index Soybeans TR
DJI@DJCNG1IT,DJ Commodity Index Natural Gas Inverse T
DJI@DJCNG2IT,Dow Jones Commodity Index Natural Gas 2X
DJI@DJCNG2LT,Dow Jones Commodity Index Natural Gas 2X
DJI@DJCSO1IT,DJ Commodity Index Soybeans Inverse TR
DJI@DJCTR,다우 종합 TR
DJI@DJECOM,다우 전자상거래
DJI@DJI,다우 산업
DJI@DJIAFT1I,Dow Jones Industrial Average Future 1X I
DJI@DJIAFT2I,Dow Jones Industrial Average Future 2X I
DJI@DJIAFT2L,Dow Jones Industrial Average Future 2X L
DJI@DJIAFTR,Dow Jones Industrial Average Future Inde
DJI@DJINET,다우 인터넷
DJI@DJISVC,다우 인터넷서비스
DJI@DJITR,다우 산업 TR
DJI@DJSKC2,Dow Jones Sustainability Korea Capped 25
DJI@DJT,다우 운송(Avg)
DJI@DJTTR,다우 운송 TR
DJI@DJU,다우 유틸리티
DJI@DJULTCTR,다우 대형주 테크놀러지 TR
DJI@DJUS,다우 브로드마켓
DJI@DJUSAE,다우 항공우주방위
DJI@DJUSAF,다우 배달서비스
DJI@DJUSAG,다우 자산관리
DJI@DJUSAI,다우 전자기기
DJI@DJUSAL,다우 알루미늄
DJI@DJUSAM,다우 의료기기
DJI@DJUSAP,다우 US 자동차(Supersectors)
DJI@DJUSAR,다우 항공
DJI@DJUSAS,다우 항공우주
DJI@DJUSAT,다우 자동차부품
DJI@DJUSAU,다우 US 자동차(Subsectors)
DJI@DJUSAV,다우 광고미디어
DJI@DJUSBC,다우 방송연예
DJI@DJUSBD,다우 건설재료
DJI@DJUSBE,다우 비즈니스 훈령&고용
DJI@DJUSBK,다우 은행
DJI@DJUSBM,다우 기초재료
DJI@DJUSBS,다우 기초자원
DJI@DJUSBT,다우 생명과학
DJI@DJUSBV,다우 음료
DJI@DJUSCA,다우 카지노
DJI@DJUSCC,다우 화학제품
DJI@DJUSCE,다우 가전
DJI@DJUSCF,다우 의류&악세서리
DJI@DJUSCG,다우 여행레저
DJI@DJUSCH,다우 화학
DJI@DJUSCL,다우 석탄
DJI@DJUSCM,다우 US 개인용품(Subsectors)
DJI@DJUSCN,다우 건설
DJI@DJUSCP,다우 컨테이너&팩키징
DJI@DJUSCR,다우 컴퓨터H/W
DJI@DJUSCS,다우 특화소비자서비스
DJI@DJUSCT,다우 통신기기
DJI@DJUSCX,다우 특수광물
DJI@DJUSCY,다우 소비자서비스
DJI@DJUSDB,다우 주류
DJI@DJUSDN,다우 방위산업
DJI@DJUSDR,다우 음식료 소매
DJI@DJUSDS,다우 산업지원
DJI@DJUSDV,다우 컴퓨터서비스
DJI@DJUSEC,다우 전자부품
DJI@DJUSEE,다우 전기전자
DJI@DJUSEN,다우 에너지
DJI@DJUSEU,다우 전기
DJI@DJUSFA,다우 재정관리
DJI@DJUSFB,다우 음식료
DJI@DJUSFC,다우 유선통신
DJI@DJUSFD,다우 식품도소매
DJI@DJUSFE,다우 산업기기
DJI@DJUSFH,다우 가구
DJI@DJUSFI,다우 금융서비스
DJI@DJUSFN,다우 금융
DJI@DJUSFO,다우 식품제조
DJI@DJUSFP,다우 가공식품
DJI@DJUSFR,다우 임업제지
DJI@DJUSFT,다우 제화
DJI@DJUSGF,다우 일반금융
DJI@DJUSGI,다우 일반산업
DJI@DJUSGT,다우 일반소매
DJI@DJUSGU,다우 가스배관
DJI@DJUSHB,다우 자가건축
DJI@DJUSHC,다우 건강의약
DJI@DJUSHD,다우 소모품
DJI@DJUSHG,다우 가정용품
DJI@DJUSHI,다우 가정개선용품소매
DJI@DJUSHN,다우 비소모품
DJI@DJUSHP,다우 건강관리제공
DJI@DJUSHR,다우 중장비
DJI@DJUSHV,다우 중공업건설
DJI@DJUSIB,다우 보험중개
DJI@DJUSID,다우 기타산업
DJI@DJUSIF,다우 종합보험
DJI@DJUSIG,다우 산업서비스
DJI@DJUSIL,다우 생명보험
DJI@DJUSIM,다우 공업금속
DJI@DJUSIN,다우 공산업
DJI@DJUSIP,다우 자산&상해보험
DJI@DJUSIQ,다우 엔지니어링
DJI@DJUSIR,다우 보험
DJI@DJUSIS,다우 산업지원서비스
DJI@DJUSIT,다우 운송(Sectors)
DJI@DJUSIU,다우 보증
DJI@DJUSIV,다우 비즈니스보조
DJI@DJUSIX,다우 비생명보험
DJI@DJUSL,다우 대형주(Large-Cap)
DJI@DJUSLE,다우 레저용품
DJI@DJUSLG,다우 숙박업
DJI@DJUSLTR,다우 대형주 TR
DJI@DJUSLW,다우 Low-Cap
DJI@DJUSM,다우 중형주
DJI@DJUSMC,다우 건강관리서비스
DJI@DJUSME,다우 미디어
DJI@DJUSMF,다우 모기지
DJI@DJUSMG,다우 광업
DJI@DJUSMS,다우 의료보조기기
DJI@DJUSMT,다우 해상운송
DJI@DJUSMU,다우 멀티유틸리티
DJI@DJUSNC,다우 소비재
DJI@DJUSNF,다우 비철금속
DJI@DJUSNG,다우 개인가정용품
DJI@DJUSNS,다우 US 인터넷(Subsectors)
DJI@DJUSOE,다우 사무전자기기
DJI@DJUSOG,다우 오일가스생산
DJI@DJUSOI,다우 오일장비&서비스(Subsectors)
DJI@DJUSOL,다우 에너지 가공
DJI@DJUSOQ,다우 오일장비& 공급(Sectors)
DJI@DJUSOS,다우 탐사&제조
DJI@DJUSPB,다우 출판인쇄
DJI@DJUSPC,다우 폐기서비스
DJI@DJUSPG,다우 US 개인용품(Sectors )
DJI@DJUSPL,다우 운송관
DJI@DJUSPM,다우 금
DJI@DJUSPN,다우 제약&생명과학
DJI@DJUSPP,다우 제지
DJI@DJUSPR,다우 제약
DJI@DJUSPT,다우 플라티늄&귀금속
DJI@DJUSRA,다우 의류소매
DJI@DJUSRB,다우 광역소매
DJI@DJUSRD,다우 약품소매
DJI@DJUSRE,DJ US Real Est Indx
DJI@DJUSRH,다우 부동산자산개발
DJI@DJUSRI,다우 부동산투자신탁
DJI@DJUSRP,다우 오락제품
DJI@DJUSRQ,다우 레크레이션
DJI@DJUSRR,다우 철도
DJI@DJUSRS,다우 특산품소매
DJI@DJUSRT,다우 소매
DJI@DJUSRU,다우 레스토랑
DJI@DJUSS,다우 소형주(Small-Cap)
DJI@DJUSSB,다우 주식투자
DJI@DJUSSC,다우 반도체
DJI@DJUSSD,다우 청량음료
DJI@DJUSSF,다우 소비자금융
DJI@DJUSSP,다우 전문금융
DJI@DJUSST,다우 철강
DJI@DJUSSV,다우 S/W & 컴퓨터서비스
DJI@DJUSSW,다우 소프트웨어
DJI@DJUSTB,다우 담배
DJI@DJUSTC,다우 테크놀러지
DJI@DJUSTK,다우 육상운송
DJI@DJUSTL,다우 통신
DJI@DJUSTP,다우 Top-Cap
DJI@DJUSTQ,다우 하드웨어&장비
DJI@DJUSTR,다우 타이어
DJI@DJUSTS,다우 운송서비스
DJI@DJUSTT,다우 여행&관광
DJI@DJUSTY,다우 장난감
DJI@DJUSUO,다우 가스&상수도
DJI@DJUSUT,다우 US 유틸리티
DJI@DJUSVN,다우 증류&포도주
DJI@DJUSWC,다우 무선통신
DJI@DJUSWU,다우 상수도
DJI@DJUTR,다우 유틸리티 TR
DJI@ES30,다우 스페인 타이탄 30
DJI@ES30D,다우 스페인 타이탄 30 USD
DJI@FR30,다우 프랑스 타이탄 30
DJI@FR30D,다우 프랑스 타이탄 30 USD
DJI@FR30TR,다우 프랑스 타이탄 30 TR
DJI@HKDOW,다우 홍콩
DJI@HKDOWD,다우 홍콩 USD
DJI@IDDOW,다우 인도네시아
DJI@IDDOWD,다우 인도네시아 USD
DJI@IT30,다우 이태리 타이탄 30
DJI@JPDOW,다우 일본
DJI@JPDOWD,다우 일본 USD
DJI@KRDOW,다우 한국
DJI@KRDOWD,다우 한국 USD
DJI@MSDIRYPS,Morningstar Singapore REIT Yield Focus I
DJI@MUT,다우 10
DJI@MYDOW,다우 말레이시아
DJI@MYDOWD,다우 말레이시아 USD
DJI@NL30,다우 네델란드 타이탄 30
DJI@NL30D,다우 네델란드 타이탄 30 USD
DJI@NZDOW,다우 뉴질랜드
DJI@NZDOWD,다우 뉴질랜드 USD
DJI@PHDOW,다우 필리핀
DJI@PHDOWD,다우 필리핀 USD
DJI@RCI,다우 종합 REIT
DJI@RCIT,다우 종합 REIT TR
DJI@REI,다우 부동산 신탁
DJI@REIT,다우 부동산 신탁 TR
DJI@SE30,다우 스웨덴 타이탄 30
DJI@SE30D,다우 스웨덴 타이탄 30 USD
DJI@SGDOW,다우 싱가폴
DJI@SGDOWD,다우 싱가폴 USD
DJI@STOXX50E,다우 유로 스톡스50
DJI@THDOW,다우 태국
DJI@THDOWD,다우 태국 USD
DJI@TR20,다우 터키 타이탄 20
DJI@TR20D,다우 터키 타이탄 20 USD
DJI@TWDOW,다우 대만
DJI@TWDOWD,다우 대만 USD
DJI@UK50,다우 영국 타이탄 50
DJI@UK50D,다우 영국 타이탄 50 USD
DJI@UK50E,다우 영국 타이탄 50 EUR
DJI@UK50TR,다우 영국 타이탄 50 TR
DJI@XLAUS,다우 호주 타이탄 30
DJI@XLJPN,다우 일본 타이탄 100
DJI@XLJPNTR,다우 일본 타이탄 100 TR
DJI@ZA30,다우 남아공 타이탄 30
DJI@ZA30D,다우 남아공 타이탄 30 USD
DJIAFT1I,DowJones Industrial Average Futures Inve
DJIAFT2I,Dow Jones Industrial Average Futures 2x
DJIAFT2L,DowJones Industrial Average Futures 2X L
DJIAFTR,DowJones Industrial Average Futures TR
DJINET,Dow Jones Internet Composite Index
DJK@B50CNCDNK,DowJones BRIC China 15 Capped NTR(USD)
DJK@XNT,S&P/ASX 200 (Net TR)
DJUSRET,DowJones US Real Estate Index
IXE,S&P Select Sector Energy Index
IXI,S&P Select Sector Industrials
IXM,S&P Select Sector Financials
IXT,S&P Select Sector Technoloigy
M1CN,"MSCI China index (NTR, USD)"
M1CXEANV,EAFE USD Net variant
M1CXELDR,EAFE LEVERAGED 2X DAILY NET SHLE USD Der
M1CXELSR,EAFE LEVERAGED SHORT -2X NET SHLE USD De
M1CXESDR,EAFE SHORT DAILY NET SHLE USD Derivative
M1US0HC,MSCI USA health care NTR USD
M1USLC,MSCI USA Large Cap NTR USD Index
M1USMC,MSCI USA Mid Cap NTR USD Index
M1WD0HC,MSCI ACWI health care NTR USD
M7CXKIA,MSCI Russia 25% Capped Index
M7EULC,MSCI Europe Large Cap NTR EUR Index
M7EUMC,MSCI Europe Mid Cap NTR EUR Index
M7JPLC,MSCI Japan Large Cap NTR JPY Index
M7JPMC,MSCI Japan Mid Cap NTR JPY Index
M8KR,MSCI Korea Gross TR
M9CXK3CR,MSCI Korea ESG Universal Capped Index
M9CXKEUR,MSCI Korea ESG Universal Index
M9CXSAAR,MSCI Korea IMI Momentum
M9CXSABR,MSCI Korea IMI Quality
M9CXSACR,MSCI Korea IMI Enhanced Value
M9PHIM,MSCI Philippines IMI Index
MAHICPU,Morningstar Multi-Asset High Income 10%
MLPXTR,Cushing 30 MLP Index
MSDLGR,MSCI Germany Index(Local)
MSDUEAFE,MSCI EAFE Index
MSEUEGF,MSCI Emerging Markets Index
MWMF,Morningstar Wide Moat Focus Index
MXID,MSCI Indonesia Index
MXWD,MSCI ACWI
MXWO,MSCI World Markets Index
NAS@ACBQ,나스닥 미국상업은행
NAS@CND,나스닥 캐나다
NAS@FUTER,NASDAQ-100 Futures
NAS@FUTTR,NASDAQ-100 Futures TR
NAS@IXBK,나스닥 은행
NAS@IXF,나스닥 금융100
NAS@IXFN,나스닥 기타금융업지수
NAS@IXHC,나스닥 건강의약
NAS@IXIC,나스닥 종합
NAS@IXID,나스닥 공업
NAS@IXIS,나스닥 보험
NAS@IXK,나스닥 컴퓨터
NAS@IXTR,나스닥 운송
NAS@IXUT,나스닥 통신
NAS@NBI,나스닥 생명과학
NAS@NDX,나스닥 100
NAS@NDXE,나스닥 100 EW
NAS@NDXT,NASDAQ-100 Technology Sector Index
NAS@QCRD,CRD 글로벌 지속가능성 지수
NAS@QCRX,CRD 글로벌 지속가능성 지수 TR
NAS@QNET,나스닥 인터넷
NAS@SOX,필라델피아 반도체
NSE,CNX NIFTY INDEX
NYFANG,NYSE FANG+TM Index
RMZ,MSCI US REIT Index
RU2000,FTSE Russell 2000 Index
SGXEMF,SGX Emerging Markets Futures Index(ER)
SIN@_SIO,SGX Iron ore futures Total return 1X Ind
SIN@_SIOI1,SGX Iron ore futures Total return Invers
SOCCGT5T,Solactive Covered Call Gold Target 5% In
SPBDLL,S&P/LSTA US Leveraged Loan 100 Index TR
SPBUYUN,S&P 500 Buyback Net Total Return Index
SPBUYUP,S&P500 자사주지수
SPDAUDN,S&P 500 Dividend Aristocrats NTR USD
SPGCISTR,S&P GSCI Industrial Metals Select
SPGSHGTR,S&P GSCI North American Copper
SPGSPMTR,S&P GSCI Precious Metals
SPGSSITR,S&P GSCI Silver
SPGSSOTR,S&P GSCI Soybeans
SPGTINFR,S&P Global Infrastructure Index
SPI@KRTWITPK,한국대만IT프리미어증권상장지수
SPI@SG1ICRTR,S&P GSCI Inverse All crude index TR
SPI@SG2LCRTR,S&P GSCI 2X Leveraged All Crude Index TR
SPI@SGECASP,S&P GSCI Agriculture Enhanced Select
SPI@SGESCLP,S&P GSCI Crude Oil Enhanced
SPI@SP500FTR,S&P 500 Futures Total Return Index
SPI@SPADR,S&P ADR
SPI@SPAS50KP,S&P ASIA50
SPI@SPBIX,S&P 은행
SPI@SPCHX,S&P 화학
SPI@SPEU,S&P 유로
SPI@SPFX500,S&P 500 Futures Index
SPI@SPG1200-35,S&P Global 1200 Health Care Index
SPI@SPG1200-45,S&P Global 1200 Information Technology I
SPI@SPGCL2LT,S&P GSCI CRUDE OIL 2X Leverage Index
SPI@SPGDAUN,S&P Global Dividend Aristocrats NTR USD
SPI@SPGGC2IT,S&P GSCI Gold 2X Inverse TR
SPI@SPGGC2LT,S&P GSCI Gold 2X Leveraged TR
SPI@SPGIK1IT,S&P GSCI Nickel Inverse TR
SPI@SPGIK2IT,S&P GSCI NICKEL 2X INVERSE TR
SPI@SPGIK2LT,S&P GSCI Nickel 2X Leveraged TR
SPI@SPGITMUP,S&P Global 1200 Information Technology a
SPI@SPGIZ1IT,S&P GSCI Zinc Inverse TR
SPI@SPGIZ2LT,S&P GSCI Zinc 2X Leveraged TR
SPI@SPGSCLP,S&P GSCI Crude Oil
SPI@SPGSCLTR,S&P GSCI Crude Oil Total Return Index
SPI@SPGSCRTR,S&P GSCI All Crude Index TR
SPI@SPGSGDER,S&P GSCI GOLD Index Excess Return
SPI@SPGSGDTR,S&P GSCI Gold Index TR CME
SPI@SPGSGSLP,S&P GSCI Grains Select ER INDEX
SPI@SPGSICLT,S&P GSCI Inverse Crude Oil Index Total R
SPI@SPHCX,S&P 건강의료
SPI@SPIUX,S&P 보험
SPI@SPJBJN,S&P Japan 500 Buyback Index Net TR
SPI@SPK,S&P 1000
SPI@SPKPGKN,S&P 1000 Pure Growth NTR (KRW)
SPI@SPKPVKN,S&P 1000 Pure Value NTR (KRW)
SPI@SPMID,S&P 중형주 400
SPI@SPOEX,S&P 100
SPI@SPRLX,S&P 소비
SPI@SPSML,S&P 소형주 600
SPI@SPSUP,S&P 종합 1500
SPI@SPUSDT1I,S&P US Dollar Futures 1x Inverse TR
SPI@SPUSDTR,S&P US Dollar Futures TR
SPI@SPUSTBP,S&P U.S. Treasury Bond Futures Excess Re
SPI@SPUSTTP,S&P 10-Year U.S. Treasury Note Futures E
SPI@SPUSTTPK,S&P 10-Year U.S. Treasury Note Futures K
SPI@SPUSTUP,S&P Ultra T-Bond Futures Excess Return I
SPI@SPWIGCP,S&P WCI GOLD ER
SPI@SPX,S&P 500
SPI@SPXEW,S&P EQUAL WEIGHT
SPI@SPXF2ITR,S&P 500 Futures 2X Inverse Daily Index T
SPI@SPXF2LTR,S&P 500 Futures 2X Leveraged Daily Index
SPI@SPXPGKN,S&P 500 Pure Growth NTR (KRW)
SPI@SPXPVKN,S&P 500 Pure Value NTR (KRW)
SPI@SREITGUN,S&P Global Reit NTR USD
SPI@STCGUSRN,S&P USA Reit NTR USD
SPI@VXXIDSP,S&P 500 VIX Short-Term Futures ER Index
SPKPGUN,S&P 1000 Pure Growth (NTR)
SPKPVUN,S&P 1000 Pure Value (NTR)
SPSIADNTR,S&P Aerospace & Defense Select Industry
SPSIBI,S&P Biotechnology Select Industry Index
SPSIBITR,S&P Biotechnology Select Industry Index
SPSIOP,S&P Oil&Gas E&P Select Industry
SPXDACUN,S&P 500 Dividend Aristocrats Covered Cal
SPXPGUN,S&P 500 Pure Growth (NTR)
SPXPVUN,S&P 500 Pure Value (NTR)
SPXT2IUT,S&P 500 2x Inverse Daily Index
SPXT2LUN,S&P 500 2X Leverage Daily NTR USD
SPXTS,S&P 500 Inverse Daily Index(TR)
SX5DLG,EURO STOXX 50 Daily Leverage(GR) Index
SX5T2S,EURO STOXX 50 Daily Double Short Inverse
USI@FVX,CBOE 5년만기 미국채 수익률
USI@GOX,CBOE 금
USI@IRX,CBOE 단기금리
USI@NFT,모건스탠리 다국적
USI@TNX,CBOE 10년만기 국채수익률
USI@TXX,CBOE 기술
USI@TYX,CBOE 30년만기 국채수익률
USI@XAU,필라델피아 금/은